{
  "metadata": {
    "analysis": "Plane age vs delays",
    "total_planes_analyzed": 48,
    "generated_by": "atharvacoolkarni"
  },
  "all_years": {
    "years": [
      0.0,
      1956.0,
      1957.0,
      1959.0,
      1962.0,
      1963.0,
      1964.0,
      1965.0,
      1966.0,
      1967.0,
      1968.0,
      1969.0,
      1970.0,
      1971.0,
      1972.0,
      1973.0,
      1974.0,
      1975.0,
      1976.0,
      1977.0,
      1978.0,
      1979.0,
      1980.0,
      1982.0,
      1983.0,
      1984.0,
      1985.0,
      1986.0,
      1987.0,
      1988.0,
      1989.0,
      1990.0,
      1991.0,
      1992.0,
      1993.0,
      1994.0,
      1995.0,
      1996.0,
      1997.0,
      1998.0,
      1999.0,
      2000.0,
      2001.0,
      2002.0,
      2003.0,
      2004.0,
      2005.0,
      2007.0
    ],
    "delays": [
      4.075808048248291,
      13.681238174438477,
      6.905710697174072,
      13.891295433044434,
      14.9149808883667,
      15.442218780517578,
      16.33013343811035,
      16.854686737060547,
      13.774859428405762,
      9.913182258605957,
      11.70032787322998,
      11.3486967086792,
      13.52220630645752,
      8.489404678344727,
      17.289962768554688,
      12.031376838684082,
      15.371886253356934,
      15.025378227233887,
      16.366291046142578,
      15.203956604003906,
      16.78219985961914,
      15.453437805175781,
      14.983449935913086,
      15.26818561553955,
      17.12419891357422,
      17.469213485717773,
      18.687362670898438,
      16.776670455932617,
      15.610836029052734,
      16.838171005249023,
      15.992732048034668,
      16.996280670166016,
      17.429033279418945,
      17.037275314331055,
      14.496687889099121,
      15.675529479980469,
      13.751659393310547,
      14.109177589416504,
      16.316200256347656,
      14.357245445251465,
      14.645004272460938,
      14.818167686462402,
      13.246062278747559,
      14.943171501159668,
      13.31631088256836,
      16.15837860107422,
      17.341754913330078,
      17.315486907958984
    ]
  },
  "period_1956_1979": {
    "years": [
      1956.0,
      1957.0,
      1959.0,
      1962.0,
      1963.0,
      1964.0,
      1965.0,
      1966.0,
      1967.0,
      1968.0,
      1969.0,
      1970.0,
      1971.0,
      1972.0,
      1973.0,
      1974.0,
      1975.0,
      1976.0,
      1977.0,
      1978.0,
      1979.0
    ],
    "delays": [
      13.681238174438477,
      6.905710697174072,
      13.891295433044434,
      14.9149808883667,
      15.442218780517578,
      16.33013343811035,
      16.854686737060547,
      13.774859428405762,
      9.913182258605957,
      11.70032787322998,
      11.3486967086792,
      13.52220630645752,
      8.489404678344727,
      17.289962768554688,
      12.031376838684082,
      15.371886253356934,
      15.025378227233887,
      16.366291046142578,
      15.203956604003906,
      16.78219985961914,
      15.453437805175781
    ],
    "trend": "older_planes"
  },
  "period_1980_2007": {
    "years": [
      1980.0,
      1982.0,
      1983.0,
      1984.0,
      1985.0,
      1986.0,
      1987.0,
      1988.0,
      1989.0,
      1990.0,
      1991.0,
      1992.0,
      1993.0,
      1994.0,
      1995.0,
      1996.0,
      1997.0,
      1998.0,
      1999.0,
      2000.0,
      2001.0,
      2002.0,
      2003.0,
      2004.0,
      2005.0,
      2007.0
    ],
    "delays": [
      14.983449935913086,
      15.26818561553955,
      17.12419891357422,
      17.469213485717773,
      18.687362670898438,
      16.776670455932617,
      15.610836029052734,
      16.838171005249023,
      15.992732048034668,
      16.996280670166016,
      17.429033279418945,
      17.037275314331055,
      14.496687889099121,
      15.675529479980469,
      13.751659393310547,
      14.109177589416504,
      16.316200256347656,
      14.357245445251465,
      14.645004272460938,
      14.818167686462402,
      13.246062278747559,
      14.943171501159668,
      13.31631088256836,
      16.15837860107422,
      17.341754913330078,
      17.315486907958984
    ],
    "trend": "newer_planes"
  }
}