{"hours": [0, 1, 2, 3, 4, 5, 6, 7, 8, 9, 10, 11, 12, 13, 14, 15, 16, 17, 18, 19, 20, 21, 22, 23], "arrival": [10.206890214017317, 8.752666738498007, 8.90603310197544, 7.510324483775811, -1.2046097856854023, 1.1008840705093543, 1.1935638808837656, -0.31921675674373057, 0.507651981987543, 1.1169798787533276, 1.6660034005491193, 2.2569187139519604, 2.890985296889516, 3.6265386750253046, 4.488046690860115, 6.138186965471149, 8.530095057382573, 9.411031725594773, 11.786220290970602, 12.250597293687576, 13.600909305894955, 13.151788029085305, 13.130221235664077, 11.52845995935964], "departure": [5.266476075835088, 3.23592571096924, 3.4283018867924526, 8.658227848101266, 8.538461538461538, 1.551042966660724, 1.0121070105766268, 2.048579040372654, 3.2300472470028163, 3.8650463625542235, 4.986370768937935, 5.756493609429031, 6.484675770984479, 7.784579983492303, 9.332308281169391, 10.473656325230388, 11.59835958445632, 13.80362488949449, 14.339429709902918, 14.995856267281827, 14.958395843302595, 14.302596502262023, 11.19503694540734, 8.936900051608463]}