{
  "1956-1979": {
    "x": [
      1956,
      1957,
      1959,
      1962,
      1963,
      1964,
      1965,
      1966,
      1967,
      1968,
      1969,
      1970,
      1971,
      1972,
      1973,
      1974,
      1975,
      1976,
      1977,
      1978,
      1979
    ],
    "y": [
      13.681238615664846,
      6.905710491367862,
      13.891295463833265,
      14.91498127340824,
      15.442218350754937,
      16.330132939438702,
      16.85468615649183,
      13.77485928705441,
      9.913182326239193,
      11.700328035744585,
      11.348697101745971,
      13.522206042955952,
      8.489404641775984,
      17.28996282527881,
      12.031376635405811,
      15.371886120996441,
      15.025377894882817,
      16.366291587114596,
      15.203956493174685,
      16.78220069623127,
      15.453437664305818
    ],
    "fit": [
      12.052022629157344,
      12.192403593050043,
      12.473165520835442,
      12.894308412513539,
      13.034689376406238,
      13.175070340298937,
      13.315451304191637,
      13.455832268084336,
      13.596213231977034,
      13.736594195869733,
      13.876975159762432,
      14.017356123655132,
      14.157737087547831,
      14.29811805144053,
      14.43849901533323,
      14.578879979225928,
      14.719260943118627,
      14.859641907011326,
      15.000022870904026,
      15.140403834796725,
      15.280784798689425
    ],
    "ci_low": [
      9.380250791042883,
      9.684568936670795,
      10.28200790119218,
      11.135169312931136,
      11.401950957043976,
      11.656134902333296,
      11.894690688317638,
      12.114183157924042,
      12.31108690113108,
      12.482344307714389,
      12.626054849788106,
      12.742002758450306,
      12.8317218030821,
      12.89805640729816,
      12.944479462440796,
      12.974485393808802,
      12.991217167263676,
      12.997316924337596,
      12.99491959795901,
      12.985713677599328,
      12.971021616859645
    ],
    "ci_high": [
      14.723794467271805,
      14.700238249429292,
      14.664323140478704,
      14.65344751209594,
      14.6674277957685,
      14.694005778264579,
      14.736211920065635,
      14.79748137824463,
      14.881339562822987,
      14.990844084025078,
      15.127895469736758,
      15.292709488859957,
      15.483752372013562,
      15.698179695582901,
      15.932518568225664,
      16.183274564643053,
      16.447304718973577,
      16.721966889685056,
      17.00512614384904,
      17.295093991994122,
      17.590547980519204
    ],
    "slope": 0.14038096389269913,
    "intercept": -262.53314274496216,
    "r2": 0.11480820200187736
  },
  "1980-2007": {
    "x": [
      1980,
      1982,
      1983,
      1984,
      1985,
      1986,
      1987,
      1988,
      1989,
      1990,
      1991,
      1992,
      1993,
      1994,
      1995,
      1996,
      1997,
      1998,
      1999,
      2000,
      2001,
      2002,
      2003,
      2004,
      2005,
      2007
    ],
    "y": [
      14.983449915420838,
      15.268185961713765,
      17.124198250728863,
      17.469214002545385,
      18.687361880593976,
      16.7766713583747,
      15.610836418830347,
      16.83817172617008,
      15.992732187917092,
      16.996280424222387,
      17.429032658636533,
      17.037275758160717,
      14.496688194489748,
      15.67552955600772,
      13.751659612231386,
      14.10917791945876,
      16.316201128436806,
      14.357245705167648,
      14.645004231279447,
      14.818167280551162,
      13.246062243651455,
      14.943171482059125,
      13.31631072876641,
      16.15837790352169,
      17.341754834002188,
      17.31548661496122
    ],
    "fit": [
      16.617849249336064,
      16.49614080201504,
      16.435286578354532,
      16.374432354694022,
      16.31357813103351,
      16.252723907373,
      16.191869683712486,
      16.131015460051977,
      16.070161236391463,
      16.009307012730954,
      15.94845278907044,
      15.88759856540993,
      15.826744341749418,
      15.765890118088906,
      15.705035894428395,
      15.644181670767884,
      15.583327447107372,
      15.52247322344686,
      15.46161899978635,
      15.400764776125838,
      15.339910552465327,
      15.279056328804815,
      15.218202105144304,
      15.157347881483792,
      15.096493657823281,
      14.974785210502258
    ],
    "ci_low": [
      15.459825372135224,
      15.465499686561445,
      15.46598275359692,
      15.46447047188342,
      15.460546314921809,
      15.45369458495636,
      15.443281436064613,
      15.428539269278511,
      15.408562294174324,
      15.382325793128459,
      15.348744804483132,
      15.306783782993481,
      15.255610483690452,
      15.194756260029935,
      15.12422111201193,
      15.044473686180552,
      14.956346227504847,
      14.860874281229675,
      14.759142809012834,
      14.652176528477904,
      14.54088123004863,
      14.426024512693052,
      14.308240222333644,
      14.18804405672611,
      14.065852542369612,
      13.81676133330134
    ],
    "ci_high": [
      17.775873126536904,
      17.52678191746864,
      17.404590403112145,
      17.284394237504625,
      17.166609947145208,
      17.05175322978964,
      16.94045793136036,
      16.833491650825444,
      16.731760178608603,
      16.63628823233345,
      16.54816077365775,
      16.468413347826377,
      16.397878199808382,
      16.337023976147876,
      16.28585067684486,
      16.243889655355215,
      16.210308666709896,
      16.18407216566405,
      16.164095190559863,
      16.14935302377377,
      16.138939874882023,
      16.132088144916576,
      16.128163987954963,
      16.126651706241475,
      16.12713477327695,
      16.132809087703176
    ],
    "slope": -0.06085422366051138,
    "intercept": 137.1092120971486,
    "r2": 0.10544674113930763
  }
}